<?xml version="1.0" encoding="UTF-8"?>
<metadata xml:lang="en"><Esri><CreaDate>20200328</CreaDate><CreaTime>21105900</CreaTime><ArcGISFormat>1.0</ArcGISFormat><SyncOnce>FALSE</SyncOnce><DataProperties><lineage><Process ToolSource="c:\program files (x86)\arcgis\desktop10.5\ArcToolbox\Toolboxes\Data Management Tools.tbx\CalculateField" Date="20180815" Time="104816" Name="" export="">CalculateField 10_All_Reserved_Areas_CFC_provision AREA_TYPE "Reserved Areas" VB #</Process><Process ToolSource="c:\program files (x86)\arcgis\desktop10.5\ArcToolbox\Toolboxes\Data Management Tools.tbx\CalculateField" Date="20180815" Time="104827" Name="" export="">CalculateField 10_All_Reserved_Areas_CFC_provision AREA_TYPE "Reserved Area" VB #</Process><Process ToolSource="c:\program files (x86)\arcgis\desktop10.5\ArcToolbox\Toolboxes\Data Management Tools.tbx\CalculateField" Date="20180815" Time="104852" Name="" export="">CalculateField 10_All_Reserved_Areas_CFC_provision CONT_TYPE "CFC" VB #</Process><Process ToolSource="c:\program files (x86)\arcgis\desktop10.5\ArcToolbox\Toolboxes\Data Management Tools.tbx\Merge" Date="20180815" Time="105007" Name="" export="">Merge 10_All_Reserved_Areas_CFC_provision;10_All_Reserved_Areas_provision C:\Users\Kioshi\Desktop\New_Structure\01_OEMMR\02_DMS\01_Reserved_Area\10_All_Reserved_Areas_1.shp "Area "Area" true true false 19 Double 0 0 ,First,#,10_All_Reserved_Areas_CFC_provision,Area,-1,-1;AREA_TYPE "AREA_TYPE" true true false 50 Text 0 0 ,First,#,10_All_Reserved_Areas_CFC_provision,AREA_TYPE,-1,-1,10_All_Reserved_Areas_provision,AREA_TYPE,-1,-1;CONT_TYPE "CONT_TYPE" true true false 5 Text 0 0 ,First,#,10_All_Reserved_Areas_CFC_provision,CONT_TYPE,-1,-1,10_All_Reserved_Areas_provision,CONT_TYPE,-1,-1"</Process><Process ToolSource="c:\program files (x86)\arcgis\desktop10.5\ArcToolbox\Toolboxes\Data Management Tools.tbx\CalculateField" Date="20180818" Time="170611" Name="" export="">CalculateField 10_All_Reserved_Areas_CCFZ CONT_TYPE "PMS" VB #</Process><Process ToolSource="c:\program files (x86)\arcgis\desktop10.5\ArcToolbox\Toolboxes\Data Management Tools.tbx\Merge" Date="20180829" Time="122500" Name="" export="">Merge 10_All_Reserved_Areas;India_Reserved_region C:\Users\Kioshi\Desktop\New_Structure\01_OEMMR\02_DMS\01_Reserved_Area\10_All_Reserved_Areas_1.shp "AREA_TYPE "AREA_TYPE" true true false 50 Text 0 0 ,First,#,10_All_Reserved_Areas,AREA_TYPE,-1,-1,India_Reserved_region,AREA_TYPE,-1,-1"</Process><Process ToolSource="c:\program files (x86)\arcgis\desktop10.5\ArcToolbox\Toolboxes\Data Management Tools.tbx\Merge" Date="20180917" Time="163005" Name="" export="">Merge UKSR-ll_reserved;04_Reserved_Areas_PMN_Contributed C:\Users\Kioshi\Desktop\2018-08-29_Contracted_Reserved_Areas\04_Reserved_Areas_PMN_Contributed_1.shp "AREA_TYPE "AREA_TYPE" true true false 50 Text 0 0 ,First,#,UKSR-ll_reserved,AREA_TYPE,-1,-1,04_Reserved_Areas_PMN_Contributed,AREA_TYPE,-1,-1;BLOCK_ID "BLOCK_ID" true true false 11 Text 0 0 ,First,#,04_Reserved_Areas_PMN_Contributed,BLOCK_ID,-1,-1;ORIGIN "ORIGIN" true true false 50 Text 0 0 ,First,#,04_Reserved_Areas_PMN_Contributed,ORIGIN,-1,-1;CONTRACTOR "CONTRACTOR" true true false 70 Text 0 0 ,First,#,04_Reserved_Areas_PMN_Contributed,CONTRACTOR,-1,-1;Remarks "Remarks" true true false 50 Text 0 0 ,First,#,04_Reserved_Areas_PMN_Contributed,Remarks,-1,-1"</Process><Process ToolSource="c:\program files (x86)\arcgis\desktop10.5\ArcToolbox\Toolboxes\Data Management Tools.tbx\CalculateField" Date="20180917" Time="164146" Name="" export="">CalculateField RESPMN AreaType [AREA_TYPE] VB #</Process><Process ToolSource="c:\program files (x86)\arcgis\desktop10.5\ArcToolbox\Toolboxes\Data Management Tools.tbx\CalculateField" Date="20180917" Time="164935" Name="" export="">CalculateField RESPMN Blocks [BLOCK_ID] VB #</Process><Process ToolSource="c:\program files (x86)\arcgis\desktop10.5\ArcToolbox\Toolboxes\Data Management Tools.tbx\CalculateField" Date="20180917" Time="165018" Name="" export="">CalculateField RESPMN CoordSys "WGS84" VB #</Process><Process ToolSource="c:\program files (x86)\arcgis\desktop10.5\ArcToolbox\Toolboxes\Data Management Tools.tbx\CalculateField" Date="20180917" Time="165041" Name="" export="">CalculateField RESPMN Status [AREA_TYPE] VB #</Process><Process ToolSource="c:\program files (x86)\arcgis\desktop10.5\ArcToolbox\Toolboxes\Data Management Tools.tbx\CalculateField" Date="20180919" Time="164123" Name="" export="">CalculateField RESPMN AreaKM2_1 [AreaKM2] VB #</Process><Process ToolSource="c:\program files (x86)\arcgis\desktop10.5\ArcToolbox\Toolboxes\Data Management Tools.tbx\CalculateField" Date="20180919" Time="164141" Name="" export="">CalculateField RESPMN AreaKM2_1 [AreaKM2] VB #</Process><Process ToolSource="c:\program files (x86)\arcgis\desktop10.5\ArcToolbox\Toolboxes\Data Management Tools.tbx\CalculateField" Date="20180919" Time="164336" Name="" export="">CalculateField RESPMN AreaKM2_1 [AreaKM2] VB #</Process><Process ToolSource="c:\program files (x86)\arcgis\desktop10.5\ArcToolbox\Toolboxes\Data Management Tools.tbx\CalculateField" Date="20180919" Time="164744" Name="" export="">CalculateField RESPMN AreaKM2_12 [AreaKM2] VB #</Process><Process ToolSource="c:\program files (x86)\arcgis\desktop10.5\ArcToolbox\Toolboxes\Data Management Tools.tbx\CalculateField" Date="20180919" Time="164801" Name="" export="">CalculateField RESPMN AreaKM2_12 [AreaKM2_1] VB #</Process><Process ToolSource="c:\program files (x86)\arcgis\desktop10.5\ArcToolbox\Toolboxes\Data Management Tools.tbx\CalculateField" Date="20180919" Time="172639" Name="" export="">CalculateField RESPMN AreaKM2 [AreaKM2_12] VB #</Process><Process ToolSource="c:\program files (x86)\arcgis\desktop10.5\ArcToolbox\Toolboxes\Data Management Tools.tbx\CalculateField" Date="20180919" Time="172906" Name="" export="">CalculateField RESPMN AreaKM2_IS [AreaKM2__1] VB #</Process><Process ToolSource="c:\program files (x86)\arcgis\desktop10.5\ArcToolbox\Toolboxes\Data Management Tools.tbx\CalculateField" Date="20180920" Time="131734" Name="" export="">CalculateField RESPMN Remarks_1 [Remarks] VB #</Process><Process ToolSource="c:\program files (x86)\arcgis\desktop10.5\ArcToolbox\Toolboxes\Data Management Tools.tbx\CalculateField" Date="20180920" Time="131909" Name="" export="">CalculateField RESPMN Remarks [Remarks_1] VB #</Process><Process ToolSource="c:\program files (x86)\arcgis\desktop10.5\ArcToolbox\Toolboxes\Data Management Tools.tbx\Merge" Date="20180920" Time="132506" Name="" export="">Merge RESPMN;05_INDIA_Reserved C:\Users\Kioshi\Desktop\2018-08-29_Contracted_Reserved_Areas\1-Database_Format_1\RESPMN_1.shp "ClusterID_ "ClusterID_" true true false 50 Text 0 0 ,First,#,RESPMN,ClusterID_,-1,-1;ContractID "ContractID" true true false 50 Text 0 0 ,First,#,RESPMN,ContractID,-1,-1;Blocks "Blocks" true true false 50 Text 0 0 ,First,#,RESPMN,Blocks,-1,-1;Clusters "Clusters" true true false 50 Text 0 0 ,First,#,RESPMN,Clusters,-1,-1;AreaKey "AreaKey" true true false 50 Text 0 0 ,First,#,RESPMN,AreaKey,-1,-1;AreaType "AreaType" true true false 50 Text 0 0 ,First,#,RESPMN,AreaType,-1,-1;CoordSys "CoordSys" true true false 50 Text 0 0 ,First,#,RESPMN,CoordSys,-1,-1;SubArea "SubArea" true true false 50 Text 0 0 ,First,#,RESPMN,SubArea,-1,-1;Status "Status" true true false 50 Text 0 0 ,First,#,RESPMN,Status,-1,-1;ActivityDa "ActivityDa" true true false 50 Text 0 0 ,First,#,RESPMN,ActivityDa,-1,-1;BlockID_Or "BlockID_Or" true true false 50 Text 0 0 ,First,#,RESPMN,BlockID_Or,-1,-1;AreaKM2 "AreaKM2" true true false 19 Double 0 0 ,First,#,RESPMN,AreaKM2,-1,-1;AreaKM2_IS "AreaKM2_IS" true true false 19 Double 0 0 ,First,#,RESPMN,AreaKM2_IS,-1,-1;Remarks "Remarks" true true false 100 Text 0 0 ,First,#,RESPMN,Remarks,-1,-1;BLOCK_ID "BLOCK_ID" true true false 50 Text 0 0 ,First,#,05_INDIA_Reserved,BLOCK_ID,-1,-1;AREA_TYPE "AREA_TYPE" true true false 50 Text 0 0 ,First,#,05_INDIA_Reserved,AREA_TYPE,-1,-1;CONTRACTOR "CONTRACTOR" true true false 50 Text 0 0 ,First,#,05_INDIA_Reserved,CONTRACTOR,-1,-1"</Process><Process ToolSource="c:\program files (x86)\arcgis\desktop10.5\ArcToolbox\Toolboxes\Data Management Tools.tbx\Dissolve" Date="20180920" Time="140725" Name="" export="">Dissolve temp_india C:\Users\Kioshi\Desktop\2018-08-29_Contracted_Reserved_Areas\1-Database_Format_1\temp_india_dis.shp Blocks # MULTI_PART DISSOLVE_LINES</Process><Process ToolSource="c:\program files (x86)\arcgis\desktop10.5\ArcToolbox\Toolboxes\Data Management Tools.tbx\Merge" Date="20180920" Time="140918" Name="" export="">Merge temp_india_dis;temp_gsr_dis;RESPMN_1 C:\Users\Kioshi\Desktop\2018-08-29_Contracted_Reserved_Areas\1-Database_Format_1\RESPMN_2.shp "Blocks "Blocks" true true false 50 Text 0 0 ,First,#,temp_india_dis,Blocks,-1,-1,temp_gsr_dis,Blocks,-1,-1,RESPMN_1,Blocks,-1,-1;ClusterID_ "ClusterID_" true true false 50 Text 0 0 ,First,#,RESPMN_1,ClusterID_,-1,-1;ContractID "ContractID" true true false 50 Text 0 0 ,First,#,RESPMN_1,ContractID,-1,-1;Clusters "Clusters" true true false 50 Text 0 0 ,First,#,RESPMN_1,Clusters,-1,-1;AreaKey "AreaKey" true true false 50 Text 0 0 ,First,#,RESPMN_1,AreaKey,-1,-1;AreaType "AreaType" true true false 50 Text 0 0 ,First,#,RESPMN_1,AreaType,-1,-1;CoordSys "CoordSys" true true false 50 Text 0 0 ,First,#,RESPMN_1,CoordSys,-1,-1;SubArea "SubArea" true true false 50 Text 0 0 ,First,#,RESPMN_1,SubArea,-1,-1;ActivityDa "ActivityDa" true true false 50 Text 0 0 ,First,#,RESPMN_1,ActivityDa,-1,-1;BlockID_Or "BlockID_Or" true true false 50 Text 0 0 ,First,#,RESPMN_1,BlockID_Or,-1,-1;AreaKM2 "AreaKM2" true true false 19 Double 0 0 ,First,#,RESPMN_1,AreaKM2,-1,-1;AreaKM2_IS "AreaKM2_IS" true true false 19 Double 0 0 ,First,#,RESPMN_1,AreaKM2_IS,-1,-1;Remarks "Remarks" true true false 100 Text 0 0 ,First,#,RESPMN_1,Remarks,-1,-1"</Process><Process ToolSource="c:\program files (x86)\arcgis\desktop10.5\ArcToolbox\Toolboxes\Data Management Tools.tbx\Merge" Date="20180920" Time="144807" Name="" export="">Merge temp_bgr;RESPMN_2_remain_1 C:\Users\Kioshi\Desktop\2018-08-29_Contracted_Reserved_Areas\1-Database_Format_1\RESPMN_2_remain_2.shp "Blocks "Blocks" true true false 50 Text 0 0 ,First,#,temp_bgr,Blocks,-1,-1,RESPMN_2_remain_1,Blocks,-1,-1;ClusterID_ "ClusterID_" true true false 50 Text 0 0 ,First,#,temp_bgr,ClusterID_,-1,-1,RESPMN_2_remain_1,ClusterID_,-1,-1;ContractID "ContractID" true true false 50 Text 0 0 ,First,#,temp_bgr,ContractID,-1,-1,RESPMN_2_remain_1,ContractID,-1,-1;Clusters "Clusters" true true false 50 Text 0 0 ,First,#,temp_bgr,Clusters,-1,-1,RESPMN_2_remain_1,Clusters,-1,-1;AreaKey "AreaKey" true true false 50 Text 0 0 ,First,#,temp_bgr,AreaKey,-1,-1,RESPMN_2_remain_1,AreaKey,-1,-1;AreaType "AreaType" true true false 50 Text 0 0 ,First,#,temp_bgr,AreaType,-1,-1,RESPMN_2_remain_1,AreaType,-1,-1;CoordSys "CoordSys" true true false 50 Text 0 0 ,First,#,temp_bgr,CoordSys,-1,-1,RESPMN_2_remain_1,CoordSys,-1,-1;SubArea "SubArea" true true false 50 Text 0 0 ,First,#,temp_bgr,SubArea,-1,-1,RESPMN_2_remain_1,SubArea,-1,-1;ActivityDa "ActivityDa" true true false 50 Text 0 0 ,First,#,temp_bgr,ActivityDa,-1,-1,RESPMN_2_remain_1,ActivityDa,-1,-1;BlockID_Or "BlockID_Or" true true false 50 Text 0 0 ,First,#,temp_bgr,BlockID_Or,-1,-1,RESPMN_2_remain_1,BlockID_Or,-1,-1;AreaKM2 "AreaKM2" true true false 19 Double 0 0 ,First,#,temp_bgr,AreaKM2,-1,-1,RESPMN_2_remain_1,AreaKM2,-1,-1;AreaKM2_IS "AreaKM2_IS" true true false 19 Double 0 0 ,First,#,temp_bgr,AreaKM2_IS,-1,-1,RESPMN_2_remain_1,AreaKM2_IS,-1,-1;Remarks "Remarks" true true false 100 Text 0 0 ,First,#,temp_bgr,Remarks,-1,-1,RESPMN_2_remain_1,Remarks,-1,-1"</Process><Process ToolSource="c:\program files (x86)\arcgis\desktop10.5\ArcToolbox\Toolboxes\Data Management Tools.tbx\Merge" Date="20180920" Time="145106" Name="" export="">Merge RESPMN_2_remain_2;02_BGR_Reserved_Block25;02_BGR_Reserved_Block26 C:\Users\Kioshi\Desktop\2018-08-29_Contracted_Reserved_Areas\1-Database_Format_1\RESPMN_2_remain_3.shp "Blocks "Blocks" true true false 50 Text 0 0 ,First,#,RESPMN_2_remain_2,Blocks,-1,-1;ClusterID_ "ClusterID_" true true false 50 Text 0 0 ,First,#,RESPMN_2_remain_2,ClusterID_,-1,-1;ContractID "ContractID" true true false 50 Text 0 0 ,First,#,RESPMN_2_remain_2,ContractID,-1,-1;Clusters "Clusters" true true false 50 Text 0 0 ,First,#,RESPMN_2_remain_2,Clusters,-1,-1;AreaKey "AreaKey" true true false 50 Text 0 0 ,First,#,RESPMN_2_remain_2,AreaKey,-1,-1;AreaType "AreaType" true true false 50 Text 0 0 ,First,#,RESPMN_2_remain_2,AreaType,-1,-1;CoordSys "CoordSys" true true false 50 Text 0 0 ,First,#,RESPMN_2_remain_2,CoordSys,-1,-1;SubArea "SubArea" true true false 50 Text 0 0 ,First,#,RESPMN_2_remain_2,SubArea,-1,-1;ActivityDa "ActivityDa" true true false 50 Text 0 0 ,First,#,RESPMN_2_remain_2,ActivityDa,-1,-1;BlockID_Or "BlockID_Or" true true false 50 Text 0 0 ,First,#,RESPMN_2_remain_2,BlockID_Or,-1,-1;AreaKM2 "AreaKM2" true true false 19 Double 0 0 ,First,#,RESPMN_2_remain_2,AreaKM2,-1,-1;AreaKM2_IS "AreaKM2_IS" true true false 19 Double 0 0 ,First,#,RESPMN_2_remain_2,AreaKM2_IS,-1,-1;Remarks "Remarks" true true false 100 Text 0 0 ,First,#,RESPMN_2_remain_2,Remarks,-1,-1;AREA_TYPE "AREA_TYPE" true true false 50 Text 0 0 ,First,#,02_BGR_Reserved_Block25,AREA_TYPE,-1,-1,02_BGR_Reserved_Block26,AREA_TYPE,-1,-1;CONTRACTOR "CONTRACTOR" true true false 50 Text 0 0 ,First,#,02_BGR_Reserved_Block25,CONTRACTOR,-1,-1,02_BGR_Reserved_Block26,CONTRACTOR,-1,-1;BLOCK_ID "BLOCK_ID" true true false 50 Text 0 0 ,First,#,02_BGR_Reserved_Block25,BLOCK_ID,-1,-1,02_BGR_Reserved_Block26,BLOCK_ID,-1,-1"</Process><Process ToolSource="c:\program files (x86)\arcgis\desktop10.5\ArcToolbox\Toolboxes\Data Management Tools.tbx\CalculateField" Date="20180920" Time="145748" Name="" export="">CalculateField RESPMN_2_remain_3 ActivityDa "9/20/2018" VB #</Process><Process ToolSource="c:\program files (x86)\arcgis\desktop10.5\ArcToolbox\Toolboxes\Data Management Tools.tbx\CalculateField" Date="20180920" Time="162351" Name="" export="">CalculateField RESPMN_REMAIN Status [AreaType] VB #</Process><Process ToolSource="c:\program files (x86)\arcgis\desktop10.5\ArcToolbox\Toolboxes\Data Management Tools.tbx\CalculateField" Date="20180920" Time="162548" Name="" export="">CalculateField RESPMN_REMAIN AreaType "Polymetallic Nodules" VB #</Process><Process ToolSource="c:\program files (x86)\arcgis\desktop10.6\ArcToolbox\Toolboxes\Data Management Tools.tbx\CalculateField" Date="20181031" Time="152231" Name="" export="">CalculateField 04_PMN_Reserved_Areas CONTRACTOR "(Reserved Area)" VB #</Process><Process ToolSource="c:\program files (x86)\arcgis\desktop10.6\ArcToolbox\Toolboxes\Data Management Tools.tbx\CalculateField" Date="20181031" Time="152304" Name="" export="">CalculateField 04_PMN_Reserved_Areas TYPE "Polymetallic Nodule (PMN)" VB #</Process><Process ToolSource="c:\program files (x86)\arcgis\desktop10.8\ArcToolbox\Toolboxes\Data Management Tools.tbx\Merge" Date="20200328" Time="205701">Merge ISAsecretariat\04_PMN_Reserved_Areas;ISAsecretariat\ReservedAreas_PMN_BPHDC C:\Users\Kioshi\Office\Saved\AreaGIS\20200328_ContractAreas\ReservedAreas_PMN.shp "CONTRACTOR "CONTRACTOR" true true false 50 Text 0 0 ,First,#,ISAsecretariat\04_PMN_Reserved_Areas,CONTRACTOR,-1,-1,ISAsecretariat\ReservedAreas_PMN_BPHDC,CONTRACTOR,-1,-1;TYPE "TYPE" true true false 50 Text 0 0 ,First,#,ISAsecretariat\04_PMN_Reserved_Areas,TYPE,-1,-1,ISAsecretariat\ReservedAreas_PMN_BPHDC,TYPE,-1,-1"</Process><Process ToolSource="c:\program files (x86)\arcgis\desktop10.8\ArcToolbox\Toolboxes\Data Management Tools.tbx\CalculateField" Date="20200622" Time="112734">CalculateField 04_pmn_reserved_areas Cont1 [CONTRACTOR] VB #</Process><Process ToolSource="c:\program files (x86)\arcgis\desktop10.8\ArcToolbox\Toolboxes\Data Management Tools.tbx\CalculateField" Date="20200622" Time="112800">CalculateField 04_pmn_reserved_areas Contractor [Cont1] VB #</Process><Process ToolSource="c:\program files (x86)\arcgis\desktop10.8\ArcToolbox\Toolboxes\Data Management Tools.tbx\CalculateField" Date="20200622" Time="112827">CalculateField 04_pmn_reserved_areas Type1 [TYPE] VB #</Process><Process ToolSource="c:\program files (x86)\arcgis\desktop10.8\ArcToolbox\Toolboxes\Data Management Tools.tbx\CalculateField" Date="20200622" Time="112850">CalculateField 04_pmn_reserved_areas Type [Type1] VB #</Process></lineage><itemProps><itemName Sync="TRUE">04_pmn_reserved_areas</itemName><imsContentType Sync="TRUE">002</imsContentType><itemSize Sync="TRUE">0.012</itemSize><itemLocation><linkage Sync="TRUE">file://\\OEMMR-GIS-PC01\C$\Users\Kioshi\OneDrive - International Seabed Authority\MapISAwebsite\0020_MapISAwebsite_Updated\02 - GIS\04_pmn_reserved_areas.shp</linkage><protocol Sync="TRUE">Local Area Network</protocol></itemLocation><nativeExtBox><westBL Sync="TRUE">-156.875000</westBL><eastBL Sync="TRUE">161.788000</eastBL><southBL Sync="TRUE">-17.000000</southBL><northBL Sync="TRUE">21.650000</northBL><exTypeCode Sync="TRUE">1</exTypeCode></nativeExtBox></itemProps><coordRef><type Sync="TRUE">Geographic</type><geogcsn Sync="TRUE">GCS_WGS_1984</geogcsn><csUnits Sync="TRUE">Angular Unit: Degree (0.017453)</csUnits><peXml Sync="TRUE">&lt;GeographicCoordinateSystem xsi:type='typens:GeographicCoordinateSystem' xmlns:xsi='http://www.w3.org/2001/XMLSchema-instance' xmlns:xs='http://www.w3.org/2001/XMLSchema' xmlns:typens='http://www.esri.com/schemas/ArcGIS/10.8'&gt;&lt;WKT&gt;GEOGCS[&amp;quot;GCS_WGS_1984&amp;quot;,DATUM[&amp;quot;D_WGS_1984&amp;quot;,SPHEROID[&amp;quot;WGS_1984&amp;quot;,6378137.0,298.257223563]],PRIMEM[&amp;quot;Greenwich&amp;quot;,0.0],UNIT[&amp;quot;Degree&amp;quot;,0.0174532925199433],AUTHORITY[&amp;quot;EPSG&amp;quot;,4326]]&lt;/WKT&gt;&lt;XOrigin&gt;-400&lt;/XOrigin&gt;&lt;YOrigin&gt;-400&lt;/YOrigin&gt;&lt;XYScale&gt;11258999068426.238&lt;/XYScale&gt;&lt;ZOrigin&gt;-100000&lt;/ZOrigin&gt;&lt;ZScale&gt;10000&lt;/ZScale&gt;&lt;MOrigin&gt;-100000&lt;/MOrigin&gt;&lt;MScale&gt;10000&lt;/MScale&gt;&lt;XYTolerance&gt;8.983152841195215e-09&lt;/XYTolerance&gt;&lt;ZTolerance&gt;0.001&lt;/ZTolerance&gt;&lt;MTolerance&gt;0.001&lt;/MTolerance&gt;&lt;HighPrecision&gt;true&lt;/HighPrecision&gt;&lt;LeftLongitude&gt;-180&lt;/LeftLongitude&gt;&lt;WKID&gt;4326&lt;/WKID&gt;&lt;LatestWKID&gt;4326&lt;/LatestWKID&gt;&lt;/GeographicCoordinateSystem&gt;</peXml></coordRef></DataProperties><SyncDate>20210510</SyncDate><SyncTime>15255700</SyncTime><ModDate>20210510</ModDate><ModTime>15255700</ModTime><scaleRange><minScale>150000000</minScale><maxScale>5000</maxScale></scaleRange><ArcGISProfile>NAP</ArcGISProfile></Esri><dataIdInfo><envirDesc Sync="TRUE"> Version 6.2 (Build 9200) ; Esri ArcGIS 10.8.1.14362</envirDesc><dataLang><languageCode value="eng" Sync="TRUE"/><countryCode value="USA" Sync="TRUE"/></dataLang><idCitation><resTitle Sync="FALSE">Reserved Areas for Polymetallic Nodules</resTitle><presForm><PresFormCd value="005" Sync="TRUE"/></presForm></idCitation><spatRpType><SpatRepTypCd value="001" Sync="TRUE"/></spatRpType><dataExt><geoEle xmlns=""><GeoBndBox esriExtentType="search"><exTypeCode Sync="TRUE">1</exTypeCode><westBL Sync="TRUE">-156.875000</westBL><eastBL Sync="TRUE">161.788000</eastBL><northBL Sync="TRUE">21.650000</northBL><southBL Sync="TRUE">-17.000000</southBL></GeoBndBox></geoEle></dataExt><idPurp>At the heart of the regime for the Area established by Part XI of the United Nations Convention on the Law of the Sea and the 1994 Agreement relating to the Implementation of Part XI of the United Nations Convention on the Law of the Sea is the so-called parallel system, elaborated in article 153 of the Convention. An essential element of the parallel system is where, in the case of Polymetallic Nodules, an application must be sufficiently large and of sufficient value to accommodate two mining operations of “equal estimated commercial value”. One part is to be allocated to the applicant and the other is to become the reserved area.</idPurp><searchKeys><keyword>Polymetallic Nodules</keyword><keyword>Reserved Areas</keyword><keyword>Clarion-Clipperton Fracture Zone</keyword><keyword>Indian Ocean</keyword></searchKeys><idCredit>International Seabed Authority</idCredit><idAbs>&lt;DIV STYLE="text-align:Left;"&gt;&lt;DIV&gt;&lt;DIV&gt;&lt;P&gt;&lt;SPAN&gt;This GIS dataset shows the &lt;/SPAN&gt;&lt;SPAN&gt;Clarion-Clipperton Fracture Zone &lt;/SPAN&gt;&lt;SPAN&gt;and &lt;/SPAN&gt;&lt;SPAN&gt;Indian Ocean&lt;/SPAN&gt;&lt;SPAN&gt; exploration areas for &lt;/SPAN&gt;&lt;SPAN&gt;Polymetallic Nodules&lt;/SPAN&gt;&lt;SPAN&gt;.&lt;/SPAN&gt;&lt;/P&gt;&lt;/DIV&gt;&lt;/DIV&gt;&lt;/DIV&gt;</idAbs><resConst><Consts><useLimit>&lt;DIV STYLE="text-align:Left;"&gt;&lt;DIV&gt;&lt;DIV&gt;&lt;P&gt;&lt;SPAN STYLE="font-weight:bold;"&gt;Term and Conditions of Use of the International Seabed Authority Website&lt;/SPAN&gt;&lt;/P&gt;&lt;P&gt;&lt;SPAN&gt;The user of this website constitutes agreement with the following terms and conditions:&lt;/SPAN&gt;&lt;/P&gt;&lt;P&gt;&lt;A href="https://www.isa.org.jm/authority/term-and-conditions-use-international-seabed-authority-website"&gt;&lt;SPAN&gt;https://www.isa.org.jm/authority/term-and-conditions-use-international-seabed-authority-website&lt;/SPAN&gt;&lt;/A&gt;&lt;/P&gt;&lt;/DIV&gt;&lt;/DIV&gt;&lt;/DIV&gt;</useLimit></Consts></resConst></dataIdInfo><mdLang><languageCode value="eng" Sync="TRUE"/><countryCode value="USA" Sync="TRUE"/></mdLang><mdChar><CharSetCd value="004" Sync="TRUE"/></mdChar><distInfo><distFormat><formatName Sync="TRUE">Shapefile</formatName></distFormat><distTranOps><transSize Sync="TRUE">0.012</transSize></distTranOps></distInfo><mdHrLv><ScopeCd value="005" Sync="TRUE"/></mdHrLv><mdHrLvName Sync="TRUE">dataset</mdHrLvName><refSysInfo><RefSystem><refSysID><identCode code="4326" Sync="TRUE"/><idCodeSpace Sync="TRUE">EPSG</idCodeSpace><idVersion Sync="TRUE">6.14(3.0.1)</idVersion></refSysID></RefSystem></refSysInfo><spatRepInfo><VectSpatRep><geometObjs Name="04_pmn_reserved_areas"><geoObjTyp><GeoObjTypCd value="002" Sync="TRUE"></GeoObjTypCd></geoObjTyp><geoObjCnt Sync="TRUE">29</geoObjCnt></geometObjs><topLvl><TopoLevCd value="001" Sync="TRUE"></TopoLevCd></topLvl></VectSpatRep></spatRepInfo><spdoinfo><ptvctinf><esriterm Name="04_pmn_reserved_areas"><efeatyp Sync="TRUE">Simple</efeatyp><efeageom code="4" Sync="TRUE"></efeageom><esritopo Sync="TRUE">FALSE</esritopo><efeacnt Sync="TRUE">29</efeacnt><spindex Sync="TRUE">TRUE</spindex><linrefer Sync="TRUE">FALSE</linrefer></esriterm></ptvctinf></spdoinfo><eainfo><detailed Name="04_pmn_reserved_areas"><enttyp><enttypl Sync="TRUE">04_pmn_reserved_areas</enttypl><enttypt Sync="TRUE">Feature Class</enttypt><enttypc Sync="TRUE">29</enttypc></enttyp><attr><attrlabl Sync="TRUE">FID</attrlabl><attalias Sync="TRUE">FID</attalias><attrtype Sync="TRUE">OID</attrtype><attwidth Sync="TRUE">4</attwidth><atprecis Sync="TRUE">0</atprecis><attscale Sync="TRUE">0</attscale><attrdef Sync="TRUE">Internal feature number.</attrdef><attrdefs Sync="TRUE">Esri</attrdefs><attrdomv><udom Sync="TRUE">Sequential unique whole numbers that are automatically generated.</udom></attrdomv></attr><attr><attrlabl Sync="TRUE">Shape</attrlabl><attalias Sync="TRUE">Shape</attalias><attrtype Sync="TRUE">Geometry</attrtype><attwidth Sync="TRUE">0</attwidth><atprecis Sync="TRUE">0</atprecis><attscale Sync="TRUE">0</attscale><attrdef Sync="TRUE">Feature geometry.</attrdef><attrdefs Sync="TRUE">Esri</attrdefs><attrdomv><udom Sync="TRUE">Coordinates defining the features.</udom></attrdomv></attr><attr><attrlabl Sync="TRUE">CONTRACTOR</attrlabl><attalias Sync="TRUE">Contractor</attalias><attrtype Sync="TRUE">String</attrtype><attwidth Sync="TRUE">50</attwidth><atprecis Sync="TRUE">0</atprecis><attscale Sync="TRUE">0</attscale></attr><attr><attrlabl Sync="TRUE">TYPE</attrlabl><attalias Sync="TRUE">Type</attalias><attrtype Sync="TRUE">String</attrtype><attwidth Sync="TRUE">50</attwidth><atprecis Sync="TRUE">0</atprecis><attscale Sync="TRUE">0</attscale></attr></detailed></eainfo><mdDateSt Sync="TRUE">20210510</mdDateSt></metadata>
