<?xml version="1.0" encoding="UTF-8"?>
<metadata xml:lang="en"><Esri><CreaDate>20200328</CreaDate><CreaTime>21103100</CreaTime><ArcGISFormat>1.0</ArcGISFormat><SyncOnce>FALSE</SyncOnce><DataProperties><itemProps><itemName Sync="TRUE">03_CFC_Exploration_Areas</itemName><imsContentType Sync="TRUE">002</imsContentType><itemLocation><linkage Sync="TRUE">file://\\OEMMR-DELL-02\C$\Users\Kioshi\Office\Saved\AreaGIS\20200328_ContractAreas\99_Final\0-ISAwebsite\03_CFC_Exploration_Areas.shp</linkage><protocol Sync="TRUE">Local Area Network</protocol></itemLocation><itemSize Sync="TRUE">0.099</itemSize><nativeExtBox><westBL Sync="TRUE">-36.940595</westBL><eastBL Sync="TRUE">160.477287</eastBL><southBL Sync="TRUE">-32.089458</southBL><northBL Sync="TRUE">23.979763</northBL><exTypeCode Sync="TRUE">1</exTypeCode></nativeExtBox></itemProps><coordRef><type Sync="TRUE">Geographic</type><geogcsn Sync="TRUE">GCS_WGS_1984</geogcsn><csUnits Sync="TRUE">Angular Unit: Degree (0.017453)</csUnits><peXml Sync="TRUE">&lt;GeographicCoordinateSystem xsi:type='typens:GeographicCoordinateSystem' xmlns:xsi='http://www.w3.org/2001/XMLSchema-instance' xmlns:xs='http://www.w3.org/2001/XMLSchema' xmlns:typens='http://www.esri.com/schemas/ArcGIS/10.8'&gt;&lt;WKT&gt;GEOGCS[&amp;quot;GCS_WGS_1984&amp;quot;,DATUM[&amp;quot;D_WGS_1984&amp;quot;,SPHEROID[&amp;quot;WGS_1984&amp;quot;,6378137.0,298.257223563]],PRIMEM[&amp;quot;Greenwich&amp;quot;,0.0],UNIT[&amp;quot;Degree&amp;quot;,0.0174532925199433],AUTHORITY[&amp;quot;EPSG&amp;quot;,4326]]&lt;/WKT&gt;&lt;XOrigin&gt;-400&lt;/XOrigin&gt;&lt;YOrigin&gt;-400&lt;/YOrigin&gt;&lt;XYScale&gt;11258999068426.238&lt;/XYScale&gt;&lt;ZOrigin&gt;-100000&lt;/ZOrigin&gt;&lt;ZScale&gt;10000&lt;/ZScale&gt;&lt;MOrigin&gt;-100000&lt;/MOrigin&gt;&lt;MScale&gt;10000&lt;/MScale&gt;&lt;XYTolerance&gt;8.983152841195215e-09&lt;/XYTolerance&gt;&lt;ZTolerance&gt;0.001&lt;/ZTolerance&gt;&lt;MTolerance&gt;0.001&lt;/MTolerance&gt;&lt;HighPrecision&gt;true&lt;/HighPrecision&gt;&lt;LeftLongitude&gt;-180&lt;/LeftLongitude&gt;&lt;WKID&gt;4326&lt;/WKID&gt;&lt;LatestWKID&gt;4326&lt;/LatestWKID&gt;&lt;/GeographicCoordinateSystem&gt;</peXml></coordRef><lineage><Process ToolSource="c:\program files (x86)\arcgis\desktop10.6\ArcToolbox\Toolboxes\Data Management Tools.tbx\CopyFeatures" Date="20190122" Time="132741" Name="" export="">CopyFeatures C:\Users\Kioshi\AppData\Local\Temp\arc9ED3\j3162a162f8414338a2972bd6bb6973b8.gdb\f2A472FE5_188E_4261_982A_414327B03EF8 \\fs01\users\orem\kioshi\Documents\ArcGIS\Default.gdb\Brazil_blocks # 0 0 0</Process><Process ToolSource="c:\program files (x86)\arcgis\desktop10.6\ArcToolbox\Toolboxes\Data Management Tools.tbx\CalculateField" Date="20190122" Time="170507" Name="" export="">CalculateField Brazil_blocks AreaKM2 "20" VB #</Process><Process ToolSource="c:\program files (x86)\arcgis\desktop10.6\ArcToolbox\Toolboxes\Data Management Tools.tbx\CalculateField" Date="20190122" Time="170524" Name="" export="">CalculateField Brazil_blocks CoordSys "WGS84" VB #</Process><Process ToolSource="c:\program files (x86)\arcgis\desktop10.6\ArcToolbox\Toolboxes\Data Management Tools.tbx\CalculateField" Date="20190122" Time="170709" Name="" export="">CalculateField Brazil_blocks SubArea "NA" VB #</Process><Process ToolSource="c:\program files (x86)\arcgis\desktop10.6\ArcToolbox\Toolboxes\Data Management Tools.tbx\CalculateField" Date="20190122" Time="170725" Name="" export="">CalculateField Brazil_blocks ClusterID "NR" VB #</Process><Process ToolSource="c:\program files (x86)\arcgis\desktop10.6\ArcToolbox\Toolboxes\Data Management Tools.tbx\CalculateField" Date="20190122" Time="170738" Name="" export="">CalculateField Brazil_blocks BlockID [BlockID_Or] VB #</Process><Process ToolSource="c:\program files (x86)\arcgis\desktop10.6\ArcToolbox\Toolboxes\Data Management Tools.tbx\CalculateField" Date="20190122" Time="170755" Name="" export="">CalculateField Brazil_blocks ContractID "BrazilCRFC1" VB #</Process><Process ToolSource="c:\program files (x86)\arcgis\desktop10.6\ArcToolbox\Toolboxes\Data Management Tools.tbx\CalculateField" Date="20190122" Time="170810" Name="" export="">CalculateField Brazil_blocks AreaType "Exploration" VB #</Process><Process ToolSource="c:\program files (x86)\arcgis\desktop10.6\ArcToolbox\Toolboxes\Data Management Tools.tbx\CalculateField" Date="20190122" Time="170822" Name="" export="">CalculateField Brazil_blocks Status "Exploration" VB #</Process><Process ToolSource="c:\program files (x86)\arcgis\desktop10.6\ArcToolbox\Toolboxes\Data Management Tools.tbx\Merge" Date="20190122" Time="171331" Name="" export="">Merge Brazil_blocks_1;fclContractAreas C:\Users\Kioshi\Desktop\New_Structure\01_OEMMR\02_DMS\07_Contracted_Area\2018-11-07_Exploration_Areas_4\fclContractAreas.shp "BlockID_Or "BlockID_Or" true true false 50 Text 0 0 ,First,#,Brazil_blocks_1,BlockID_Or,-1,-1,fclContractAreas,BlockID_Or,-1,-1;AreaKey "AreaKey" true true false 50 Text 0 0 ,First,#,Brazil_blocks_1,AreaKey,-1,-1,fclContractAreas,AreaKey,-1,-1;SubArea "SubArea" true true false 25 Text 0 0 ,First,#,Brazil_blocks_1,SubArea,-1,-1,fclContractAreas,SubArea,-1,-1;ClusterID "ClusterID" true true false 50 Text 0 0 ,First,#,Brazil_blocks_1,ClusterID,-1,-1,fclContractAreas,ClusterID,-1,-1;BlockID "BlockID" true true false 50 Text 0 0 ,First,#,Brazil_blocks_1,BlockID,-1,-1,fclContractAreas,BlockID,-1,-1;ContractID "ContractID" true true false 25 Text 0 0 ,First,#,Brazil_blocks_1,ContractID,-1,-1,fclContractAreas,ContractID,-1,-1;AreaType "AreaType" true true false 25 Text 0 0 ,First,#,Brazil_blocks_1,AreaType,-1,-1,fclContractAreas,AreaType,-1,-1;AreaKM2 "AreaKM2" true true false 19 Double 0 0 ,First,#,Brazil_blocks_1,AreaKM2,-1,-1,fclContractAreas,AreaKM2,-1,-1;Remarks "Remarks" true true false 254 Text 0 0 ,First,#,Brazil_blocks_1,Remarks,-1,-1,fclContractAreas,Remarks,-1,-1;Status "Status" true true false 50 Text 0 0 ,First,#,Brazil_blocks_1,Status,-1,-1,fclContractAreas,Status,-1,-1;AreaKM2_IS "AreaKM2_IS" true true false 19 Double 0 0 ,First,#,Brazil_blocks_1,AreaKM2_IS,-1,-1,fclContractAreas,AreaKM2_IS,-1,-1;ClusterID_ "ClusterID_" true true false 50 Text 0 0 ,First,#,Brazil_blocks_1,ClusterID_,-1,-1,fclContractAreas,ClusterID_,-1,-1;CoordSys "CoordSys" true true false 50 Text 0 0 ,First,#,Brazil_blocks_1,CoordSys,-1,-1,fclContractAreas,CoordSys,-1,-1"</Process><Process ToolSource="c:\program files (x86)\arcgis\desktop10.6\ArcToolbox\Toolboxes\Data Management Tools.tbx\CalculateField" Date="20190205" Time="113953" Name="" export="">CalculateField NEWSHP\03_CFC_Exploration_Areas Contractor "CPRM (Brazil)" VB #</Process><Process ToolSource="c:\program files (x86)\arcgis\desktop10.6\ArcToolbox\Toolboxes\Data Management Tools.tbx\CalculateField" Date="20190205" Time="114024" Name="" export="">CalculateField NEWSHP\03_CFC_Exploration_Areas Contractor "COMRA (China)" VB #</Process><Process ToolSource="c:\program files (x86)\arcgis\desktop10.6\ArcToolbox\Toolboxes\Data Management Tools.tbx\CalculateField" Date="20190205" Time="114049" Name="" export="">CalculateField NEWSHP\03_CFC_Exploration_Areas Contractor "JOGMEC (Japan)" VB #</Process><Process ToolSource="c:\program files (x86)\arcgis\desktop10.6\ArcToolbox\Toolboxes\Data Management Tools.tbx\CalculateField" Date="20190205" Time="114117" Name="" export="">CalculateField NEWSHP\03_CFC_Exploration_Areas Contractor "Gov. of the Republic of Korea" VB #</Process><Process ToolSource="c:\program files (x86)\arcgis\desktop10.6\ArcToolbox\Toolboxes\Data Management Tools.tbx\CalculateField" Date="20190205" Time="114159" Name="" export="">CalculateField NEWSHP\03_CFC_Exploration_Areas Contractor "MNRE (Russian Federation)" VB #</Process><Process ToolSource="c:\program files (x86)\arcgis\desktop10.8\ArcToolbox\Toolboxes\Data Management Tools.tbx\CalculateField" Date="20200622" Time="112659">CalculateField 03_cfc_exploration_areas Type "Cobalt-rich Ferromanganese Crusts (CFC)" VB #</Process></lineage></DataProperties><SyncDate>20200329</SyncDate><SyncTime>10100000</SyncTime><ModDate>20200329</ModDate><ModTime>10100000</ModTime><scaleRange><minScale>150000000</minScale><maxScale>5000</maxScale></scaleRange><ArcGISProfile>NAP</ArcGISProfile></Esri><dataIdInfo><envirDesc Sync="TRUE"> Version 6.2 (Build 9200) ; Esri ArcGIS 10.8.0.12790</envirDesc><dataLang><languageCode value="eng" Sync="TRUE"/><countryCode value="USA" Sync="TRUE"/></dataLang><idCitation><resTitle Sync="FALSE">Exploration Areas for Cobalt-rich Ferromanganese Crusts</resTitle><presForm><PresFormCd value="005" Sync="TRUE"/></presForm></idCitation><spatRpType><SpatRepTypCd value="001" Sync="TRUE"/></spatRpType><dataExt><geoEle xmlns=""><GeoBndBox esriExtentType="search"><exTypeCode Sync="TRUE">1</exTypeCode><westBL Sync="TRUE">-36.940595</westBL><eastBL Sync="TRUE">160.477287</eastBL><northBL Sync="TRUE">23.979763</northBL><southBL Sync="TRUE">-32.089458</southBL></GeoBndBox></geoEle></dataExt><searchKeys><keyword>Cobalt-rich Ferromanganese Crusts</keyword><keyword>Exploration Areas</keyword><keyword>Pacific Ocean</keyword><keyword>South Atlantic Ocean</keyword></searchKeys><idPurp>The United Nations Convention on the Law of the Sea (UNCLOS) outlines the areas of national jurisdiction as a twelve-nautical-mile territorial sea; an exclusive economic zone of up to 200 nautical miles and a continental shelf. The international seabed area - the part under ISA jurisdiction - is defined as “the seabed and ocean floor and the subsoil thereof, beyond the limits of national jurisdiction. The Authority has entered into 15-year contracts with five (5) contractors for Cobalt-rich Ferromanganese Crusts  in the international seabed area (the Area), The areas being explored are in the South Atlantic Ocean and the Pacific Ocean.</idPurp><idAbs>&lt;DIV STYLE="text-align:Left;"&gt;&lt;DIV&gt;&lt;DIV&gt;&lt;P&gt;&lt;SPAN&gt;This GIS dataset shows the Pacific &lt;/SPAN&gt;&lt;SPAN&gt;Ocean and &lt;/SPAN&gt;&lt;SPAN&gt;South Atlantic Ocean &lt;/SPAN&gt;&lt;SPAN&gt;exploration areas &lt;/SPAN&gt;&lt;SPAN&gt;for &lt;/SPAN&gt;&lt;SPAN&gt;Cobalt-rich Ferromanganese Crusts&lt;/SPAN&gt;&lt;SPAN&gt;.&lt;/SPAN&gt;&lt;/P&gt;&lt;/DIV&gt;&lt;/DIV&gt;&lt;/DIV&gt;</idAbs><idCredit>International Seabed Authority</idCredit><resConst><Consts><useLimit>&lt;DIV STYLE="text-align:Left;"&gt;&lt;DIV&gt;&lt;DIV&gt;&lt;P&gt;&lt;SPAN STYLE="font-weight:bold;"&gt;Term and Conditions of Use of the International Seabed Authority Website&lt;/SPAN&gt;&lt;/P&gt;&lt;P&gt;&lt;SPAN&gt;The user of this website constitutes agreement with the following terms and conditions:&lt;/SPAN&gt;&lt;/P&gt;&lt;P&gt;&lt;A href="https://www.isa.org.jm/authority/term-and-conditions-use-international-seabed-authority-website"&gt;&lt;SPAN&gt;https://www.isa.org.jm/authority/term-and-conditions-use-international-seabed-authority-website&lt;/SPAN&gt;&lt;/A&gt;&lt;/P&gt;&lt;/DIV&gt;&lt;/DIV&gt;&lt;/DIV&gt;</useLimit></Consts></resConst></dataIdInfo><mdLang><languageCode value="eng" Sync="TRUE"/><countryCode value="USA" Sync="TRUE"/></mdLang><distInfo><distFormat><formatName Sync="TRUE">Shapefile</formatName></distFormat><distTranOps><transSize Sync="TRUE">0.099</transSize></distTranOps></distInfo><mdHrLv><ScopeCd value="005" Sync="TRUE"/></mdHrLv><mdHrLvName Sync="TRUE">dataset</mdHrLvName><refSysInfo><RefSystem><refSysID><identCode code="4326" Sync="TRUE"/><idCodeSpace Sync="TRUE">EPSG</idCodeSpace><idVersion Sync="TRUE">6.14(3.0.1)</idVersion></refSysID></RefSystem></refSysInfo><spatRepInfo><VectSpatRep><geometObjs Name="03_CFC_Exploration_Areas"><geoObjTyp><GeoObjTypCd value="002" Sync="TRUE"></GeoObjTypCd></geoObjTyp><geoObjCnt Sync="TRUE">750</geoObjCnt></geometObjs><topLvl><TopoLevCd value="001" Sync="TRUE"></TopoLevCd></topLvl></VectSpatRep></spatRepInfo><spdoinfo><ptvctinf><esriterm Name="03_CFC_Exploration_Areas"><efeatyp Sync="TRUE">Simple</efeatyp><efeageom code="4" Sync="TRUE"></efeageom><esritopo Sync="TRUE">FALSE</esritopo><efeacnt Sync="TRUE">750</efeacnt><spindex Sync="TRUE">TRUE</spindex><linrefer Sync="TRUE">FALSE</linrefer></esriterm></ptvctinf></spdoinfo><eainfo><detailed Name="03_CFC_Exploration_Areas"><enttyp><enttypl Sync="TRUE">03_CFC_Exploration_Areas</enttypl><enttypt Sync="TRUE">Feature Class</enttypt><enttypc Sync="TRUE">750</enttypc></enttyp><attr><attrlabl Sync="TRUE">FID</attrlabl><attalias Sync="TRUE">FID</attalias><attrtype Sync="TRUE">OID</attrtype><attwidth Sync="TRUE">4</attwidth><atprecis Sync="TRUE">0</atprecis><attscale Sync="TRUE">0</attscale><attrdef Sync="TRUE">Internal feature number.</attrdef><attrdefs Sync="TRUE">Esri</attrdefs><attrdomv><udom Sync="TRUE">Sequential unique whole numbers that are automatically generated.</udom></attrdomv></attr><attr><attrlabl Sync="TRUE">Shape</attrlabl><attalias Sync="TRUE">Shape</attalias><attrtype Sync="TRUE">Geometry</attrtype><attwidth Sync="TRUE">0</attwidth><atprecis Sync="TRUE">0</atprecis><attscale Sync="TRUE">0</attscale><attrdef Sync="TRUE">Feature geometry.</attrdef><attrdefs Sync="TRUE">Esri</attrdefs><attrdomv><udom Sync="TRUE">Coordinates defining the features.</udom></attrdomv></attr><attr><attrlabl Sync="TRUE">Contractor</attrlabl><attalias Sync="TRUE">Contractor</attalias><attrtype Sync="TRUE">String</attrtype><attwidth Sync="TRUE">50</attwidth><atprecis Sync="TRUE">0</atprecis><attscale Sync="TRUE">0</attscale></attr></detailed></eainfo><mdDateSt Sync="TRUE">20200329</mdDateSt><mdChar><CharSetCd value="004" Sync="TRUE"/></mdChar></metadata>
