<metadata xml:lang="en"><Esri><CreaDate>20200328</CreaDate><CreaTime>21101000</CreaTime><ArcGISFormat>1.0</ArcGISFormat><SyncOnce>FALSE</SyncOnce><DataProperties><lineage><Process ToolSource="c:\program files (x86)\arcgis\desktop10.5\ArcToolbox\Toolboxes\Data Management Tools.tbx\CalculateField" Date="20170704" Time="091817" Name="" export="">CalculateField Area\PMS\PMS_India_sites CONTRACT0 "MOES (India)" VB #</Process><Process ToolSource="c:\program files (x86)\arcgis\desktop10.5\ArcToolbox\Toolboxes\Data Management Tools.tbx\CalculateField" Date="20170704" Time="091852" Name="" export="">CalculateField Area\PMS\PMS_India_sites TYPE "PMS" VB #</Process><Process ToolSource="c:\program files (x86)\arcgis\desktop10.5\ArcToolbox\Toolboxes\Data Management Tools.tbx\CalculateField" Date="20170704" Time="173819" Name="" export="">CalculateField "Area_1\PMS\Gov. of India" Block_ID "[Block ID]" VB #</Process><Process ToolSource="c:\program files (x86)\arcgis\desktop10.5\ArcToolbox\Toolboxes\Data Management Tools.tbx\CalculateField" Date="20170711" Time="141206" Name="" export="">CalculateField Area_1\PMS\PMS_India_sites Block_ID [FID] VB #</Process><Process ToolSource="c:\program files (x86)\arcgis\desktop10.5\ArcToolbox\Toolboxes\Data Management Tools.tbx\Merge" Date="20170920" Time="110913" Name="" export="">Merge PMS_India_sites;BGR_PMS_sites_1;PMS_Ifremer_site_1;ROK_PMS_site;PMS_RUSSIA;PMS_COMRA C:\Users\Kioshi\Desktop\DATA_ISA\DATA_ISA_1\1-PMN\99-Areas\Area-Point\PMS\Merged.shp "CONTRACT0 "CONTRACT0" true true false 50 Text 0 0 ,First,#,PMS_India_sites,CONTRACT0,-1,-1,BGR_PMS_sites_1,CONTRACT0,-1,-1,PMS_Ifremer_site_1,CONTRACT0,-1,-1,ROK_PMS_site,CONTRACT0,-1,-1,PMS_RUSSIA,CONTRACT0,-1,-1,PMS_COMRA,CONTRACT0,-1,-1;TYPE "TYPE" true true false 50 Text 0 0 ,First,#,PMS_India_sites,TYPE,-1,-1,BGR_PMS_sites_1,TYPE,-1,-1,PMS_Ifremer_site_1,TYPE,-1,-1,ROK_PMS_site,TYPE,-1,-1,PMS_RUSSIA,TYPE,-1,-1,PMS_COMRA,TYPE,-1,-1;Block_ID "Block_ID" true true false 5 Long 0 5 ,First,#,PMS_India_sites,Block_ID,-1,-1,BGR_PMS_sites_1,Block_ID,-1,-1,PMS_Ifremer_site_1,Block_ID,-1,-1,ROK_PMS_site,Block_ID,-1,-1,PMS_RUSSIA,Block_ID,-1,-1,PMS_COMRA,Block_ID,-1,-1"</Process><Process ToolSource="c:\program files (x86)\arcgis\desktop10.5\ArcToolbox\Toolboxes\Data Management Tools.tbx\Merge" Date="20180815" Time="102112" Name="" export="">Merge 2018-08-15_PMS_Exploration_Areas_North_Atlantic_Ocean;2018-08-15_PMS_Exploration_Areas_Poland_North_Atlantic_Ocean C:\Users\Kioshi\Desktop\New_Structure\01_OEMMR\02_DMS\07_Contracted_Area\2018_08_15A_PMS_Exploration_Areas.shp "CONTRACT0 "CONTRACT0" true true false 50 Text 0 0 ,First,#,2018-08-15_PMS_Exploration_Areas_North_Atlantic_Ocean,CONTRACT0,-1,-1,2018-08-15_PMS_Exploration_Areas_Poland_North_Atlantic_Ocean,CONTRACT0,-1,-1;TYPE "TYPE" true true false 50 Text 0 0 ,First,#,2018-08-15_PMS_Exploration_Areas_North_Atlantic_Ocean,TYPE,-1,-1,2018-08-15_PMS_Exploration_Areas_Poland_North_Atlantic_Ocean,TYPE,-1,-1"</Process><Process ToolSource="c:\program files (x86)\arcgis\desktop10.5\ArcToolbox\Toolboxes\Data Management Tools.tbx\CalculateField" Date="20180815" Time="103721" Name="" export="">CalculateField 2018_08_15A_PMS_Exploration_Areas CONT_TYPE "PMS" VB #</Process><Process ToolSource="c:\program files (x86)\arcgis\desktop10.5\ArcToolbox\Toolboxes\Data Management Tools.tbx\CalculateField" Date="20180815" Time="103817" Name="" export="">CalculateField 2018_08_15A_PMS_Exploration_Areas CONTRACTOR [CONTRACT0] VB #</Process><Process ToolSource="c:\program files (x86)\arcgis\desktop10.6\ArcToolbox\Toolboxes\Data Management Tools.tbx\CalculateField" Date="20181030" Time="101516" Name="" export="">CalculateField 02_PMS_Exploration_Areas CONTRACTOR "Government of India - MOES" VB #</Process><Process ToolSource="c:\program files (x86)\arcgis\desktop10.6\ArcToolbox\Toolboxes\Data Management Tools.tbx\CalculateField" Date="20181030" Time="101623" Name="" export="">CalculateField 02_PMS_Exploration_Areas CONTRACTOR "Government of the Republic of Korea" VB #</Process><Process ToolSource="c:\program files (x86)\arcgis\desktop10.6\ArcToolbox\Toolboxes\Data Management Tools.tbx\CalculateField" Date="20181030" Time="101810" Name="" export="">CalculateField 02_PMS_Exploration_Areas CONTRACTOR "Government of the Russian Federation" VB #</Process><Process ToolSource="c:\program files (x86)\arcgis\desktop10.6\ArcToolbox\Toolboxes\Data Management Tools.tbx\CalculateField" Date="20181031" Time="151718" Name="" export="">CalculateField 02_PMS_Exploration_Areas TYPE "Polymetallic Sulphides (PMS)" VB #</Process><Process ToolSource="c:\program files (x86)\arcgis\desktop10.8\ArcToolbox\Toolboxes\Data Management Tools.tbx\CalculateField" Date="20200622" Time="112435">CalculateField 02_pms_exploration_areas Cont1 [CONTRACTOR] VB #</Process><Process ToolSource="c:\program files (x86)\arcgis\desktop10.8\ArcToolbox\Toolboxes\Data Management Tools.tbx\CalculateField" Date="20200622" Time="112501">CalculateField 02_pms_exploration_areas Contractor [Cont1] VB #</Process><Process ToolSource="c:\program files (x86)\arcgis\desktop10.8\ArcToolbox\Toolboxes\Data Management Tools.tbx\CalculateField" Date="20200622" Time="112530">CalculateField 02_pms_exploration_areas Type1 [TYPE] VB #</Process><Process ToolSource="c:\program files (x86)\arcgis\desktop10.8\ArcToolbox\Toolboxes\Data Management Tools.tbx\CalculateField" Date="20200622" Time="112555">CalculateField 02_pms_exploration_areas Type [Type1] VB #</Process></lineage><itemProps><itemName Sync="TRUE">02_pms_exploration_areas</itemName><imsContentType Sync="TRUE">002</imsContentType><itemSize Sync="TRUE">0.103</itemSize><itemLocation><linkage Sync="TRUE">file://\\OEMMR-DELL-02\C$\Users\Kioshi\Office\Saved\AreaGIS\20200328_ContractAreas\99_Final\0-ISAwebsite\02_pms_exploration_areas.shp</linkage><protocol Sync="TRUE">Local Area Network</protocol></itemLocation><nativeExtBox><westBL Sync="TRUE">-46.729985</westBL><eastBL Sync="TRUE">73.971965</eastBL><southBL Sync="TRUE">-39.108789</southBL><northBL Sync="TRUE">32.848217</northBL><exTypeCode Sync="TRUE">1</exTypeCode></nativeExtBox></itemProps><coordRef><type Sync="TRUE">Geographic</type><geogcsn Sync="TRUE">GCS_WGS_1984</geogcsn><csUnits Sync="TRUE">Angular Unit: Degree (0.017453)</csUnits><peXml Sync="TRUE">&lt;GeographicCoordinateSystem xsi:type='typens:GeographicCoordinateSystem' xmlns:xsi='http://www.w3.org/2001/XMLSchema-instance' xmlns:xs='http://www.w3.org/2001/XMLSchema' xmlns:typens='http://www.esri.com/schemas/ArcGIS/10.8'&gt;&lt;WKT&gt;GEOGCS[&amp;quot;GCS_WGS_1984&amp;quot;,DATUM[&amp;quot;D_WGS_1984&amp;quot;,SPHEROID[&amp;quot;WGS_1984&amp;quot;,6378137.0,298.257223563]],PRIMEM[&amp;quot;Greenwich&amp;quot;,0.0],UNIT[&amp;quot;Degree&amp;quot;,0.0174532925199433],AUTHORITY[&amp;quot;EPSG&amp;quot;,4326]]&lt;/WKT&gt;&lt;XOrigin&gt;-400&lt;/XOrigin&gt;&lt;YOrigin&gt;-400&lt;/YOrigin&gt;&lt;XYScale&gt;11258999068426.238&lt;/XYScale&gt;&lt;ZOrigin&gt;-100000&lt;/ZOrigin&gt;&lt;ZScale&gt;10000&lt;/ZScale&gt;&lt;MOrigin&gt;-100000&lt;/MOrigin&gt;&lt;MScale&gt;10000&lt;/MScale&gt;&lt;XYTolerance&gt;8.983152841195215e-09&lt;/XYTolerance&gt;&lt;ZTolerance&gt;0.001&lt;/ZTolerance&gt;&lt;MTolerance&gt;0.001&lt;/MTolerance&gt;&lt;HighPrecision&gt;true&lt;/HighPrecision&gt;&lt;LeftLongitude&gt;-180&lt;/LeftLongitude&gt;&lt;WKID&gt;4326&lt;/WKID&gt;&lt;LatestWKID&gt;4326&lt;/LatestWKID&gt;&lt;/GeographicCoordinateSystem&gt;</peXml></coordRef></DataProperties><SyncDate>20200329</SyncDate><SyncTime>10085600</SyncTime><ModDate>20200329</ModDate><ModTime>10091300</ModTime><scaleRange><minScale>150000000</minScale><maxScale>5000</maxScale></scaleRange><ArcGISProfile>ItemDescription</ArcGISProfile></Esri><dataIdInfo><envirDesc Sync="TRUE"> Version 6.2 (Build 9200) ; Esri ArcGIS 10.8.0.12790</envirDesc><dataLang><languageCode value="eng" Sync="TRUE"/><countryCode value="USA" Sync="TRUE"/></dataLang><idCitation><resTitle Sync="FALSE">Polymetallic Sulphides Exploration Areas</resTitle><presForm><PresFormCd value="005" Sync="TRUE"/></presForm></idCitation><spatRpType><SpatRepTypCd value="001" Sync="TRUE"/></spatRpType><dataExt><geoEle xmlns=""><GeoBndBox esriExtentType="search"><exTypeCode Sync="TRUE">1</exTypeCode><westBL Sync="TRUE">-46.729985</westBL><eastBL Sync="TRUE">73.971965</eastBL><northBL Sync="TRUE">32.848217</northBL><southBL Sync="TRUE">-39.108789</southBL></GeoBndBox></geoEle></dataExt><idPurp>The United Nations Convention on the Law of the Sea (UNCLOS) outlines the areas of national jurisdiction as a twelve-nautical-mile territorial sea; an exclusive economic zone of up to 200 nautical miles and a continental shelf. The international seabed area - the part under ISA jurisdiction - is defined as “the seabed and ocean floor and the subsoil thereof, beyond the limits of national jurisdiction. The Authority has entered into 15-year exploration contracts with seven (7) contractors for Polymetallic Sulphides in the international seabed area (the Area). The areas being explored are in the Mid Atlantic Ridge and the Indian Ocean.</idPurp><searchKeys><keyword>Polymetallic Sulphides</keyword><keyword>Exploration Areas</keyword><keyword>Mid-Atlantic Ocean</keyword><keyword>Indian Ocean</keyword></searchKeys><idCredit>International Seabed Authority</idCredit><resConst><Consts><useLimit>&lt;DIV STYLE="text-align:Left;"&gt;&lt;DIV&gt;&lt;DIV&gt;&lt;P&gt;&lt;SPAN STYLE="font-weight:bold;"&gt;Term and Conditions of Use of the International Seabed Authority Website&lt;/SPAN&gt;&lt;/P&gt;&lt;P&gt;&lt;SPAN&gt;The user of this website constitutes agreement with the following terms and conditions:&lt;/SPAN&gt;&lt;/P&gt;&lt;P&gt;&lt;A href="https://www.isa.org.jm/authority/term-and-conditions-use-international-seabed-authority-website"&gt;&lt;SPAN&gt;https://www.isa.org.jm/authority/term-and-conditions-use-international-seabed-authority-website&lt;/SPAN&gt;&lt;/A&gt;&lt;/P&gt;&lt;/DIV&gt;&lt;/DIV&gt;&lt;/DIV&gt;</useLimit></Consts></resConst><idAbs>&lt;DIV STYLE="text-align:Left;"&gt;&lt;DIV&gt;&lt;DIV&gt;&lt;P&gt;&lt;SPAN&gt;This GIS dataset shows the Mid-Alantic Ocean and Indian Ocean exploration for Polymetallic Sulphides. &lt;/SPAN&gt;&lt;/P&gt;&lt;/DIV&gt;&lt;/DIV&gt;&lt;/DIV&gt;</idAbs></dataIdInfo><mdLang><languageCode value="eng" Sync="TRUE"/><countryCode value="USA" Sync="TRUE"/></mdLang><mdChar><CharSetCd value="004" Sync="TRUE"/></mdChar><distInfo><distFormat><formatName Sync="TRUE">Shapefile</formatName></distFormat><distTranOps><transSize Sync="TRUE">0.103</transSize></distTranOps></distInfo><mdHrLv><ScopeCd value="005" Sync="TRUE"/></mdHrLv><mdHrLvName Sync="TRUE">dataset</mdHrLvName><refSysInfo><RefSystem><refSysID><identCode code="4326" Sync="TRUE"/><idCodeSpace Sync="TRUE">EPSG</idCodeSpace><idVersion Sync="TRUE">6.14(3.0.1)</idVersion></refSysID></RefSystem></refSysInfo><spatRepInfo><VectSpatRep><geometObjs Name="02_pms_exploration_areas"><geoObjTyp><GeoObjTypCd value="002" Sync="TRUE"/></geoObjTyp><geoObjCnt Sync="TRUE">700</geoObjCnt></geometObjs><topLvl><TopoLevCd value="001" Sync="TRUE"/></topLvl></VectSpatRep></spatRepInfo><spdoinfo><ptvctinf><esriterm Name="02_pms_exploration_areas"><efeatyp Sync="TRUE">Simple</efeatyp><efeageom code="4" Sync="TRUE"/><esritopo Sync="TRUE">FALSE</esritopo><efeacnt Sync="TRUE">700</efeacnt><spindex Sync="TRUE">TRUE</spindex><linrefer Sync="TRUE">FALSE</linrefer></esriterm></ptvctinf></spdoinfo><eainfo><detailed Name="02_pms_exploration_areas"><enttyp><enttypl Sync="TRUE">02_pms_exploration_areas</enttypl><enttypt Sync="TRUE">Feature Class</enttypt><enttypc Sync="TRUE">700</enttypc></enttyp><attr><attrlabl Sync="TRUE">FID</attrlabl><attalias Sync="TRUE">FID</attalias><attrtype Sync="TRUE">OID</attrtype><attwidth Sync="TRUE">4</attwidth><atprecis Sync="TRUE">0</atprecis><attscale Sync="TRUE">0</attscale><attrdef Sync="TRUE">Internal feature number.</attrdef><attrdefs Sync="TRUE">Esri</attrdefs><attrdomv><udom Sync="TRUE">Sequential unique whole numbers that are automatically generated.</udom></attrdomv></attr><attr><attrlabl Sync="TRUE">Shape</attrlabl><attalias Sync="TRUE">Shape</attalias><attrtype Sync="TRUE">Geometry</attrtype><attwidth Sync="TRUE">0</attwidth><atprecis Sync="TRUE">0</atprecis><attscale Sync="TRUE">0</attscale><attrdef Sync="TRUE">Feature geometry.</attrdef><attrdefs Sync="TRUE">Esri</attrdefs><attrdomv><udom Sync="TRUE">Coordinates defining the features.</udom></attrdomv></attr><attr><attrlabl Sync="TRUE">CONT_TYPE</attrlabl><attalias Sync="TRUE">CONT_TYPE</attalias><attrtype Sync="TRUE">String</attrtype><attwidth Sync="TRUE">5</attwidth><atprecis Sync="TRUE">0</atprecis><attscale Sync="TRUE">0</attscale></attr><attr><attrlabl Sync="TRUE">CONTRACTOR</attrlabl><attalias Sync="TRUE">CONTRACTOR</attalias><attrtype Sync="TRUE">String</attrtype><attwidth Sync="TRUE">70</attwidth><atprecis Sync="TRUE">0</atprecis><attscale Sync="TRUE">0</attscale></attr><attr><attrlabl Sync="TRUE">TYPE</attrlabl><attalias Sync="TRUE">TYPE</attalias><attrtype Sync="TRUE">String</attrtype><attwidth Sync="TRUE">50</attwidth><atprecis Sync="TRUE">0</atprecis><attscale Sync="TRUE">0</attscale></attr></detailed></eainfo><mdDateSt Sync="TRUE">20200329</mdDateSt></metadata>
